Votes,Score,English_Name,Favourites_count,Popularity_ranking
677447,10,Death Note,145023,1
668585,9,Death Note,145023,1
519533,8,Death Note,145023,1
247163,7,Death Note,145023,1
82598,6,Death Note,145023,1
33543,5,Death Note,145023,1
12478,4,Death Note,145023,1
4419,3,Death Note,145023,1
2678,2,Death Note,145023,1
4394,1,Death Note,145023,1
608582,10,Shingeki no Kyojin,,2
651863,9,Shingeki no Kyojin,,2
582473,8,Shingeki no Kyojin,,2
270062,7,Shingeki no Kyojin,,2
83267,6,Shingeki no Kyojin,,2
35610,5,Shingeki no Kyojin,,2
13482,4,Shingeki no Kyojin,,2
5284,3,Shingeki no Kyojin,,2
3157,2,Shingeki no Kyojin,,2
6788,1,Shingeki no Kyojin,,2
840395,10,Fullmetal Alchemist: Brotherhood,190243,3
482474,9,Fullmetal Alchemist: Brotherhood,190243,3
243269,8,Fullmetal Alchemist: Brotherhood,190243,3
86303,7,Fullmetal Alchemist: Brotherhood,190243,3
25162,6,Fullmetal Alchemist: Brotherhood,190243,3
11728,5,Fullmetal Alchemist: Brotherhood,190243,3
4125,4,Fullmetal Alchemist: Brotherhood,190243,3
1960,3,Fullmetal Alchemist: Brotherhood,190243,3
2492,2,Fullmetal Alchemist: Brotherhood,190243,3
22178,1,Fullmetal Alchemist: Brotherhood,190243,3
269144,10,Sword Art Online,,4
267372,9,Sword Art Online,,4
358224,8,Sword Art Online,,4
366256,7,Sword Art Online,,4
228989,6,Sword Art Online,,4
150146,5,Sword Art Online,,4
96644,4,Sword Art Online,,4
51834,3,Sword Art Online,,4
29360,2,Sword Art Online,,4
26994,1,Sword Art Online,,4
416305,10,One Punch Man,,5
565072,9,One Punch Man,,5
517202,8,One Punch Man,,5
223856,7,One Punch Man,,5
60896,6,One Punch Man,,5
22516,5,One Punch Man,,5
7096,4,One Punch Man,,5
2785,3,One Punch Man,,5
1714,2,One Punch Man,,5
3150,1,One Punch Man,,5
226374,10,Boku no Hero Academia,,6
373896,9,Boku no Hero Academia,,6
534100,8,Boku no Hero Academia,,6
362536,7,Boku no Hero Academia,,6
117644,6,Boku no Hero Academia,,6
45641,5,Boku no Hero Academia,,6
13582,4,Boku no Hero Academia,,6
5440,3,Boku no Hero Academia,,6
2767,2,Boku no Hero Academia,,6
4893,1,Boku no Hero Academia,,6
229212,10,Tokyo Ghoul,44057,7
304566,9,Tokyo Ghoul,44057,7
435558,8,Tokyo Ghoul,44057,7
330013,7,Tokyo Ghoul,44057,7
139608,6,Tokyo Ghoul,44057,7
63102,5,Tokyo Ghoul,44057,7
29990,4,Tokyo Ghoul,44057,7
12350,3,Tokyo Ghoul,44057,7
6217,2,Tokyo Ghoul,44057,7
5780,1,Tokyo Ghoul,44057,7
285916,10,Naruto,64229,8
303092,9,Naruto,64229,8
440896,8,Naruto,64229,8
356822,7,Naruto,64229,8
131770,6,Naruto,64229,8
55412,5,Naruto,64229,8
18008,4,Naruto,64229,8
7074,3,Naruto,64229,8
4137,2,Naruto,64229,8
6581,1,Naruto,64229,8
620538,10,Kimi no Na wa.,,9
430869,9,Kimi no Na wa.,,9
273468,8,Kimi no Na wa.,,9
121389,7,Kimi no Na wa.,,9
42362,6,Kimi no Na wa.,,9
17534,5,Kimi no Na wa.,,9
7213,4,Kimi no Na wa.,,9
2906,3,Kimi no Na wa.,,9
1501,2,Kimi no Na wa.,,9
4625,1,Kimi no Na wa.,,9
577368,10,Hunter x Hunter (2011),,10
405364,9,Hunter x Hunter (2011),,10
227186,8,Hunter x Hunter (2011),,10
89999,7,Hunter x Hunter (2011),,10
25950,6,Hunter x Hunter (2011),,10
11041,5,Hunter x Hunter (2011),,10
4035,4,Hunter x Hunter (2011),,10
1717,3,Hunter x Hunter (2011),,10
1313,2,Hunter x Hunter (2011),,10
5464,1,Hunter x Hunter (2011),,10
366183,10,Kimetsu no Yaiba,,11
462652,9,Kimetsu no Yaiba,,11
395751,8,Kimetsu no Yaiba,,11
161393,7,Kimetsu no Yaiba,,11
45580,6,Kimetsu no Yaiba,,11
18705,5,Kimetsu no Yaiba,,11
6324,4,Kimetsu no Yaiba,,11
2488,3,Kimetsu no Yaiba,,11
1360,2,Kimetsu no Yaiba,,11
4129,1,Kimetsu no Yaiba,,11
542693,10,Steins;Gate,,12
325171,9,Steins;Gate,,12
167722,8,Steins;Gate,,12
69008,7,Steins;Gate,,12
25560,6,Steins;Gate,,12
13507,5,Steins;Gate,,12
6300,4,Steins;Gate,,12
2993,3,Steins;Gate,,12
2289,2,Steins;Gate,,12
6684,1,Steins;Gate,,12
339558,10,Shingeki no Kyojin Season 2,,13
425465,9,Shingeki no Kyojin Season 2,,13
415790,8,Shingeki no Kyojin Season 2,,13
178154,7,Shingeki no Kyojin Season 2,,13
48991,6,Shingeki no Kyojin Season 2,,13
15995,5,Shingeki no Kyojin Season 2,,13
6312,4,Shingeki no Kyojin Season 2,,13
2121,3,Shingeki no Kyojin Season 2,,13
1093,2,Shingeki no Kyojin Season 2,,13
2753,1,Shingeki no Kyojin Season 2,,13
217486,10,Boku no Hero Academia 2nd Season,,14
381336,9,Boku no Hero Academia 2nd Season,,14
462548,8,Boku no Hero Academia 2nd Season,,14
244302,7,Boku no Hero Academia 2nd Season,,14
71723,6,Boku no Hero Academia 2nd Season,,14
25307,5,Boku no Hero Academia 2nd Season,,14
7232,4,Boku no Hero Academia 2nd Season,,14
2801,3,Boku no Hero Academia 2nd Season,,14
1440,2,Boku no Hero Academia 2nd Season,,14
2979,1,Boku no Hero Academia 2nd Season,,14
251438,10,No Game No Life,,15
321188,9,No Game No Life,,15
364365,8,No Game No Life,,15
227578,7,No Game No Life,,15
86834,6,No Game No Life,,15
38149,5,No Game No Life,,15
18448,4,No Game No Life,,15
8000,3,No Game No Life,,15
4327,2,No Game No Life,,15
4529,1,No Game No Life,,15
334478,10,Naruto: Shippuuden,,16
276621,9,Naruto: Shippuuden,,16
303138,8,Naruto: Shippuuden,,16
216761,7,Naruto: Shippuuden,,16
92230,6,Naruto: Shippuuden,,16
43118,5,Naruto: Shippuuden,,16
19052,4,Naruto: Shippuuden,,16
7875,3,Naruto: Shippuuden,,16
4060,2,Naruto: Shippuuden,,16
5348,1,Naruto: Shippuuden,,16
376806,10,Code Geass: Hangyaku no Lelouch,,17
365214,9,Code Geass: Hangyaku no Lelouch,,17
254317,8,Code Geass: Hangyaku no Lelouch,,17
110284,7,Code Geass: Hangyaku no Lelouch,,17
37299,6,Code Geass: Hangyaku no Lelouch,,17
17072,5,Code Geass: Hangyaku no Lelouch,,17
8300,4,Code Geass: Hangyaku no Lelouch,,17
3612,3,Code Geass: Hangyaku no Lelouch,,17
1939,2,Code Geass: Hangyaku no Lelouch,,17
3129,1,Code Geass: Hangyaku no Lelouch,,17
207152,10,Toradora!,,18
289347,9,Toradora!,,18
328307,8,Toradora!,,18
203397,7,Toradora!,,18
77677,6,Toradora!,,18
34555,5,Toradora!,,18
15212,4,Toradora!,,18
6274,3,Toradora!,,18
3529,2,Toradora!,,18
4128,1,Toradora!,,18
131052,10,Noragami,,19
231513,9,Noragami,,19
369902,8,Noragami,,19
242276,7,Noragami,,19
73331,6,Noragami,,19
25710,5,Noragami,,19
7091,4,Noragami,,19
2275,3,Noragami,,19
1030,2,Noragami,,19
1150,1,Noragami,,19
216471,10,Angel Beats!,,20
267584,9,Angel Beats!,,20
302305,8,Angel Beats!,,20
198216,7,Angel Beats!,,20
81112,6,Angel Beats!,,20
37043,5,Angel Beats!,,20
16799,4,Angel Beats!,,20
6957,3,Angel Beats!,,20
3240,2,Angel Beats!,,20
2945,1,Angel Beats!,,20
225748,10,Re:Zero kara Hajimeru Isekai Seikatsu,,21
322151,9,Re:Zero kara Hajimeru Isekai Seikatsu,,21
337223,8,Re:Zero kara Hajimeru Isekai Seikatsu,,21
168116,7,Re:Zero kara Hajimeru Isekai Seikatsu,,21
59505,6,Re:Zero kara Hajimeru Isekai Seikatsu,,21
26175,5,Re:Zero kara Hajimeru Isekai Seikatsu,,21
14195,4,Re:Zero kara Hajimeru Isekai Seikatsu,,21
6146,3,Re:Zero kara Hajimeru Isekai Seikatsu,,21
3508,2,Re:Zero kara Hajimeru Isekai Seikatsu,,21
4436,1,Re:Zero kara Hajimeru Isekai Seikatsu,,21
367725,10,Shigatsu wa Kimi no Uso,,22
312873,9,Shigatsu wa Kimi no Uso,,22
233069,8,Shigatsu wa Kimi no Uso,,22
111113,7,Shigatsu wa Kimi no Uso,,22
41557,6,Shigatsu wa Kimi no Uso,,22
19010,5,Shigatsu wa Kimi no Uso,,22
9187,4,Shigatsu wa Kimi no Uso,,22
3774,3,Shigatsu wa Kimi no Uso,,22
2091,2,Shigatsu wa Kimi no Uso,,22
3375,1,Shigatsu wa Kimi no Uso,,22
508220,10,Koe no Katachi,,23
392734,9,Koe no Katachi,,23
215356,8,Koe no Katachi,,23
86158,7,Koe no Katachi,,23
26675,6,Koe no Katachi,,23
9885,5,Koe no Katachi,,23
4221,4,Koe no Katachi,,23
1720,3,Koe no Katachi,,23
950,2,Koe no Katachi,,23
2589,1,Koe no Katachi,,23
173774,10,Boku no Hero Academia 3rd Season,,24
294838,9,Boku no Hero Academia 3rd Season,,24
371240,8,Boku no Hero Academia 3rd Season,,24
211450,7,Boku no Hero Academia 3rd Season,,24
66393,6,Boku no Hero Academia 3rd Season,,24
24451,5,Boku no Hero Academia 3rd Season,,24
7741,4,Boku no Hero Academia 3rd Season,,24
2830,3,Boku no Hero Academia 3rd Season,,24
1348,2,Boku no Hero Academia 3rd Season,,24
2582,1,Boku no Hero Academia 3rd Season,,24
134995,10,Mirai Nikki (TV),,25
186684,9,Mirai Nikki (TV),,25
257865,8,Mirai Nikki (TV),,25
225661,7,Mirai Nikki (TV),,25
120489,6,Mirai Nikki (TV),,25
60922,5,Mirai Nikki (TV),,25
39169,4,Mirai Nikki (TV),,25
19841,3,Mirai Nikki (TV),,25
11504,2,Mirai Nikki (TV),,25
9044,1,Mirai Nikki (TV),,25
305877,10,Shingeki no Kyojin Season 3,,26
384943,9,Shingeki no Kyojin Season 3,,26
323230,8,Shingeki no Kyojin Season 3,,26
117818,7,Shingeki no Kyojin Season 3,,26
29719,6,Shingeki no Kyojin Season 3,,26
9391,5,Shingeki no Kyojin Season 3,,26
3719,4,Shingeki no Kyojin Season 3,,26
1432,3,Shingeki no Kyojin Season 3,,26
705,2,Shingeki no Kyojin Season 3,,26
2417,1,Shingeki no Kyojin Season 3,,26
398908,10,One Piece,144490,27
208599,9,One Piece,144490,27
171055,8,One Piece,144490,27
100807,7,One Piece,144490,27
41279,6,One Piece,144490,27
21975,5,One Piece,144490,27
9380,4,One Piece,144490,27
4326,3,One Piece,144490,27
3104,2,One Piece,144490,27
8130,1,One Piece,144490,27
135878,10,Nanatsu no Taizai,,28
220289,9,Nanatsu no Taizai,,28
332964,8,Nanatsu no Taizai,,28
249258,7,Nanatsu no Taizai,,28
99350,6,Nanatsu no Taizai,,28
46408,5,Nanatsu no Taizai,,28
22581,4,Nanatsu no Taizai,,28
10753,3,Nanatsu no Taizai,,28
5817,2,Nanatsu no Taizai,,28
6268,1,Nanatsu no Taizai,,28
124699,10,Akame ga Kill!,,29
182638,9,Akame ga Kill!,,29
278864,8,Akame ga Kill!,,29
247803,7,Akame ga Kill!,,29
123808,6,Akame ga Kill!,,29
62618,5,Akame ga Kill!,,29
37036,4,Akame ga Kill!,,29
15998,3,Akame ga Kill!,,29
7949,2,Akame ga Kill!,,29
5356,1,Akame ga Kill!,,29
232061,10,Boku dake ga Inai Machi,,30
319229,9,Boku dake ga Inai Machi,,30
304828,8,Boku dake ga Inai Machi,,30
160772,7,Boku dake ga Inai Machi,,30
56210,6,Boku dake ga Inai Machi,,30
20805,5,Boku dake ga Inai Machi,,30
9915,4,Boku dake ga Inai Machi,,30
4231,3,Boku dake ga Inai Machi,,30
1824,2,Boku dake ga Inai Machi,,30
2211,1,Boku dake ga Inai Machi,,30
94791,10,Sword Art Online II,,31
116142,9,Sword Art Online II,,31
199382,8,Sword Art Online II,,31
263925,7,Sword Art Online II,,31
186781,6,Sword Art Online II,,31
118431,5,Sword Art Online II,,31
76594,4,Sword Art Online II,,31
41344,3,Sword Art Online II,,31
25311,2,Sword Art Online II,,31
19336,1,Sword Art Online II,,31
88154,10,Ao no Exorcist,,32
149968,9,Ao no Exorcist,,32
282757,8,Ao no Exorcist,,32
285355,7,Ao no Exorcist,,32
120331,6,Ao no Exorcist,,32
49494,5,Ao no Exorcist,,32
16449,4,Ao no Exorcist,,32
5475,3,Ao no Exorcist,,32
2206,2,Ao no Exorcist,,32
1748,1,Ao no Exorcist,,32
504901,10,Shingeki no Kyojin Season 3 Part 2,,33
369431,9,Shingeki no Kyojin Season 3 Part 2,,33
176503,8,Shingeki no Kyojin Season 3 Part 2,,33
54608,7,Shingeki no Kyojin Season 3 Part 2,,33
14000,6,Shingeki no Kyojin Season 3 Part 2,,33
4966,5,Shingeki no Kyojin Season 3 Part 2,,33
1920,4,Shingeki no Kyojin Season 3 Part 2,,33
957,3,Shingeki no Kyojin Season 3 Part 2,,33
707,2,Shingeki no Kyojin Season 3 Part 2,,33
7485,1,Shingeki no Kyojin Season 3 Part 2,,33
136450,10,Ansatsu Kyoushitsu,,34
221600,9,Ansatsu Kyoushitsu,,34
318024,8,Ansatsu Kyoushitsu,,34
181476,7,Ansatsu Kyoushitsu,,34
55707,6,Ansatsu Kyoushitsu,,34
21489,5,Ansatsu Kyoushitsu,,34
7782,4,Ansatsu Kyoushitsu,,34
2794,3,Ansatsu Kyoushitsu,,34
1337,2,Ansatsu Kyoushitsu,,34
1435,1,Ansatsu Kyoushitsu,,34
172244,10,Mob Psycho 100,,35
325309,9,Mob Psycho 100,,35
318656,8,Mob Psycho 100,,35
114273,7,Mob Psycho 100,,35
26297,6,Mob Psycho 100,,35
8994,5,Mob Psycho 100,,35
3191,4,Mob Psycho 100,,35
1193,3,Mob Psycho 100,,35
662,2,Mob Psycho 100,,35
1307,1,Mob Psycho 100,,35
157787,10,Kono Subarashii Sekai ni Shukufuku wo!,,36
261706,9,Kono Subarashii Sekai ni Shukufuku wo!,,36
342805,8,Kono Subarashii Sekai ni Shukufuku wo!,,36
178742,7,Kono Subarashii Sekai ni Shukufuku wo!,,36
56834,6,Kono Subarashii Sekai ni Shukufuku wo!,,36
21590,5,Kono Subarashii Sekai ni Shukufuku wo!,,36
8893,4,Kono Subarashii Sekai ni Shukufuku wo!,,36
3583,3,Kono Subarashii Sekai ni Shukufuku wo!,,36
2023,2,Kono Subarashii Sekai ni Shukufuku wo!,,36
2296,1,Kono Subarashii Sekai ni Shukufuku wo!,,36
209410,10,Haikyuu!!,,37
285357,9,Haikyuu!!,,37
294679,8,Haikyuu!!,,37
128918,7,Haikyuu!!,,37
33653,6,Haikyuu!!,,37
13415,5,Haikyuu!!,,37
4161,4,Haikyuu!!,,37
1654,3,Haikyuu!!,,37
1026,2,Haikyuu!!,,37
2204,1,Haikyuu!!,,37
249955,10,Jujutsu Kaisen (TV),58373,38
363098,9,Jujutsu Kaisen (TV),58373,38
258538,8,Jujutsu Kaisen (TV),58373,38
81626,7,Jujutsu Kaisen (TV),58373,38
19258,6,Jujutsu Kaisen (TV),58373,38
7008,5,Jujutsu Kaisen (TV),58373,38
2265,4,Jujutsu Kaisen (TV),58373,38
888,3,Jujutsu Kaisen (TV),58373,38
511,2,Jujutsu Kaisen (TV),58373,38
1813,1,Jujutsu Kaisen (TV),58373,38
216391,10,Yakusoku no Neverland,,39
347197,9,Yakusoku no Neverland,,39
295906,8,Yakusoku no Neverland,,39
105689,7,Yakusoku no Neverland,,39
26729,6,Yakusoku no Neverland,,39
9145,5,Yakusoku no Neverland,,39
3631,4,Yakusoku no Neverland,,39
1346,3,Yakusoku no Neverland,,39
664,2,Yakusoku no Neverland,,39
1476,1,Yakusoku no Neverland,,39
135494,10,Bleach,,40
158610,9,Bleach,,40
225892,8,Bleach,,40
203083,7,Bleach,,40
93097,6,Bleach,,40
47169,5,Bleach,,40
18998,4,Bleach,,40
7518,3,Bleach,,40
3446,2,Bleach,,40
3355,1,Bleach,,40
161955,10,Kiseijuu: Sei no Kakuritsu,,41
289357,9,Kiseijuu: Sei no Kakuritsu,,41
297767,8,Kiseijuu: Sei no Kakuritsu,,41
137786,7,Kiseijuu: Sei no Kakuritsu,,41
38604,6,Kiseijuu: Sei no Kakuritsu,,41
13417,5,Kiseijuu: Sei no Kakuritsu,,41
4729,4,Kiseijuu: Sei no Kakuritsu,,41
1591,3,Kiseijuu: Sei no Kakuritsu,,41
766,2,Kiseijuu: Sei no Kakuritsu,,41
1081,1,Kiseijuu: Sei no Kakuritsu,,41
144158,10,Fairy Tail,,42
143806,9,Fairy Tail,,42
189739,8,Fairy Tail,,42
182365,7,Fairy Tail,,42
102475,6,Fairy Tail,,42
63749,5,Fairy Tail,,42
33404,4,Fairy Tail,,42
16219,3,Fairy Tail,,42
9065,2,Fairy Tail,,42
8304,1,Fairy Tail,,42
381857,10,Sen to Chihiro no Kamikakushi,,43
307268,9,Sen to Chihiro no Kamikakushi,,43
226543,8,Sen to Chihiro no Kamikakushi,,43
96399,7,Sen to Chihiro no Kamikakushi,,43
28336,6,Sen to Chihiro no Kamikakushi,,43
9832,5,Sen to Chihiro no Kamikakushi,,43
3129,4,Sen to Chihiro no Kamikakushi,,43
1110,3,Sen to Chihiro no Kamikakushi,,43
630,2,Sen to Chihiro no Kamikakushi,,43
1425,1,Sen to Chihiro no Kamikakushi,,43
269327,10,Cowboy Bebop,,44
216383,9,Cowboy Bebop,,44
158827,8,Cowboy Bebop,,44
74948,7,Cowboy Bebop,,44
24649,6,Cowboy Bebop,,44
10548,5,Cowboy Bebop,,44
3789,4,Cowboy Bebop,,44
1595,3,Cowboy Bebop,,44
838,2,Cowboy Bebop,,44
1803,1,Cowboy Bebop,,44
116143,10,Tokyo Ghoul √A,9626,45
137547,9,Tokyo Ghoul √A,9626,45
201399,8,Tokyo Ghoul √A,9626,45
223322,7,Tokyo Ghoul √A,9626,45
142564,6,Tokyo Ghoul √A,9626,45
82827,5,Tokyo Ghoul √A,9626,45
59859,4,Tokyo Ghoul √A,9626,45
29144,3,Tokyo Ghoul √A,9626,45
16873,2,Tokyo Ghoul √A,9626,45
12621,1,Tokyo Ghoul √A,9626,45
416310,10,Code Geass: Hangyaku no Lelouch R2,,46
290076,9,Code Geass: Hangyaku no Lelouch R2,,46
173416,8,Code Geass: Hangyaku no Lelouch R2,,46
75577,7,Code Geass: Hangyaku no Lelouch R2,,46
26223,6,Code Geass: Hangyaku no Lelouch R2,,46
11202,5,Code Geass: Hangyaku no Lelouch R2,,46
6080,4,Code Geass: Hangyaku no Lelouch R2,,46
2844,3,Code Geass: Hangyaku no Lelouch R2,,46
1500,2,Code Geass: Hangyaku no Lelouch R2,,46
2647,1,Code Geass: Hangyaku no Lelouch R2,,46
119807,10,Kill la Kill,,47
195259,9,Kill la Kill,,47
243108,8,Kill la Kill,,47
154183,7,Kill la Kill,,47
60118,6,Kill la Kill,,47
25901,5,Kill la Kill,,47
12782,4,Kill la Kill,,47
4996,3,Kill la Kill,,47
2914,2,Kill la Kill,,47
2946,1,Kill la Kill,,47
125460,10,Death Parade,,48
221039,9,Death Parade,,48
267918,8,Death Parade,,48
147875,7,Death Parade,,48
48103,6,Death Parade,,48
17555,5,Death Parade,,48
6057,4,Death Parade,,48
1918,3,Death Parade,,48
887,2,Death Parade,,48
1013,1,Death Parade,,48
234605,10,Neon Genesis Evangelion,,49
210442,9,Neon Genesis Evangelion,,49
195766,8,Neon Genesis Evangelion,,49
114504,7,Neon Genesis Evangelion,,49
46497,6,Neon Genesis Evangelion,,49
21230,5,Neon Genesis Evangelion,,49
11849,4,Neon Genesis Evangelion,,49
5502,3,Neon Genesis Evangelion,,49
4059,2,Neon Genesis Evangelion,,49
4655,1,Neon Genesis Evangelion,,49
87076,10,Another,,50
141141,9,Another,,50
229389,8,Another,,50
210157,7,Another,,50
99790,6,Another,,50
44962,5,Another,,50
22039,4,Another,,50
9931,3,Another,,50
4879,2,Another,,50
3171,1,Another,,50
83413,10,Soul Eater,,51
146003,9,Soul Eater,,51
224153,8,Soul Eater,,51
176446,7,Soul Eater,,51
67204,6,Soul Eater,,51
28184,5,Soul Eater,,51
10024,4,Soul Eater,,51
3368,3,Soul Eater,,51
1620,2,Soul Eater,,51
1613,1,Soul Eater,,51
129211,10,Shokugeki no Souma,,52
221214,9,Shokugeki no Souma,,52
280181,8,Shokugeki no Souma,,52
151939,7,Shokugeki no Souma,,52
44532,6,Shokugeki no Souma,,52
16429,5,Shokugeki no Souma,,52
6037,4,Shokugeki no Souma,,52
2392,3,Shokugeki no Souma,,52
1400,2,Shokugeki no Souma,,52
1927,1,Shokugeki no Souma,,52
116230,10,Psycho-Pass,,53
206511,9,Psycho-Pass,,53
206203,8,Psycho-Pass,,53
98880,7,Psycho-Pass,,53
31831,6,Psycho-Pass,,53
13356,5,Psycho-Pass,,53
4933,4,Psycho-Pass,,53
1734,3,Psycho-Pass,,53
797,2,Psycho-Pass,,53
1213,1,Psycho-Pass,,53
244260,10,Tengen Toppa Gurren Lagann,,54
218470,9,Tengen Toppa Gurren Lagann,,54
170150,8,Tengen Toppa Gurren Lagann,,54
87759,7,Tengen Toppa Gurren Lagann,,54
32384,6,Tengen Toppa Gurren Lagann,,54
15497,5,Tengen Toppa Gurren Lagann,,54
6549,4,Tengen Toppa Gurren Lagann,,54
2733,3,Tengen Toppa Gurren Lagann,,54
1549,2,Tengen Toppa Gurren Lagann,,54
2311,1,Tengen Toppa Gurren Lagann,,54
197875,10,Ano Hi Mita Hana no Namae wo Bokutachi wa Mada Shiranai.,,55
237401,9,Ano Hi Mita Hana no Namae wo Bokutachi wa Mada Shiranai.,,55
219094,8,Ano Hi Mita Hana no Namae wo Bokutachi wa Mada Shiranai.,,55
117001,7,Ano Hi Mita Hana no Namae wo Bokutachi wa Mada Shiranai.,,55
44193,6,Ano Hi Mita Hana no Namae wo Bokutachi wa Mada Shiranai.,,55
18838,5,Ano Hi Mita Hana no Namae wo Bokutachi wa Mada Shiranai.,,55
8570,4,Ano Hi Mita Hana no Namae wo Bokutachi wa Mada Shiranai.,,55
3583,3,Ano Hi Mita Hana no Namae wo Bokutachi wa Mada Shiranai.,,55
1782,2,Ano Hi Mita Hana no Namae wo Bokutachi wa Mada Shiranai.,,55
2252,1,Ano Hi Mita Hana no Namae wo Bokutachi wa Mada Shiranai.,,55
233849,10,Violet Evergarden,,56
211445,9,Violet Evergarden,,56
163240,8,Violet Evergarden,,56
75657,7,Violet Evergarden,,56
29674,6,Violet Evergarden,,56
13381,5,Violet Evergarden,,56
5836,4,Violet Evergarden,,56
2169,3,Violet Evergarden,,56
1043,2,Violet Evergarden,,56
1809,1,Violet Evergarden,,56
360749,10,Shingeki no Kyojin: The Final Season,,57
272472,9,Shingeki no Kyojin: The Final Season,,57
146535,8,Shingeki no Kyojin: The Final Season,,57
55601,7,Shingeki no Kyojin: The Final Season,,57
18306,6,Shingeki no Kyojin: The Final Season,,57
7132,5,Shingeki no Kyojin: The Final Season,,57
3725,4,Shingeki no Kyojin: The Final Season,,57
1652,3,Shingeki no Kyojin: The Final Season,,57
1383,2,Shingeki no Kyojin: The Final Season,,57
14155,1,Shingeki no Kyojin: The Final Season,,57
107234,10,Elfen Lied,21792,58
135180,9,Elfen Lied,21792,58
188341,8,Elfen Lied,21792,58
171447,7,Elfen Lied,21792,58
87399,6,Elfen Lied,21792,58
41857,5,Elfen Lied,21792,58
24682,4,Elfen Lied,21792,58
12581,3,Elfen Lied,21792,58
8220,2,Elfen Lied,21792,58
6196,1,Elfen Lied,21792,58
113348,10,Boku no Hero Academia 4th Season,,59
187293,9,Boku no Hero Academia 4th Season,,59
258113,8,Boku no Hero Academia 4th Season,,59
160064,7,Boku no Hero Academia 4th Season,,59
58383,6,Boku no Hero Academia 4th Season,,59
23022,5,Boku no Hero Academia 4th Season,,59
8939,4,Boku no Hero Academia 4th Season,,59
3240,3,Boku no Hero Academia 4th Season,,59
1493,2,Boku no Hero Academia 4th Season,,59
2139,1,Boku no Hero Academia 4th Season,,59
160892,10,Seishun Buta Yarou wa Bunny Girl Senpai no Yume wo Minai,,60
239660,9,Seishun Buta Yarou wa Bunny Girl Senpai no Yume wo Minai,,60
239598,8,Seishun Buta Yarou wa Bunny Girl Senpai no Yume wo Minai,,60
118677,7,Seishun Buta Yarou wa Bunny Girl Senpai no Yume wo Minai,,60
41665,6,Seishun Buta Yarou wa Bunny Girl Senpai no Yume wo Minai,,60
18477,5,Seishun Buta Yarou wa Bunny Girl Senpai no Yume wo Minai,,60
8159,4,Seishun Buta Yarou wa Bunny Girl Senpai no Yume wo Minai,,60
3560,3,Seishun Buta Yarou wa Bunny Girl Senpai no Yume wo Minai,,60
1889,2,Seishun Buta Yarou wa Bunny Girl Senpai no Yume wo Minai,,60
2273,1,Seishun Buta Yarou wa Bunny Girl Senpai no Yume wo Minai,,60
111418,10,Charlotte,,61
151067,9,Charlotte,,61
224871,8,Charlotte,,61
178475,7,Charlotte,,61
77302,6,Charlotte,,61
34061,5,Charlotte,,61
16343,4,Charlotte,,61
7607,3,Charlotte,,61
3174,2,Charlotte,,61
2168,1,Charlotte,,61
134416,10,Fullmetal Alchemist,23847,62
192848,9,Fullmetal Alchemist,23847,62
236995,8,Fullmetal Alchemist,23847,62
153668,7,Fullmetal Alchemist,23847,62
51705,6,Fullmetal Alchemist,23847,62
18883,5,Fullmetal Alchemist,23847,62
6841,4,Fullmetal Alchemist,23847,62
2071,3,Fullmetal Alchemist,23847,62
1140,2,Fullmetal Alchemist,23847,62
1475,1,Fullmetal Alchemist,23847,62
126068,10,Dr. Stone,,63
221798,9,Dr. Stone,,63
263127,8,Dr. Stone,,63
122256,7,Dr. Stone,,63
33115,6,Dr. Stone,,63
12759,5,Dr. Stone,,63
5153,4,Dr. Stone,,63
1927,3,Dr. Stone,,63
997,2,Dr. Stone,,63
1169,1,Dr. Stone,,63
104430,10,Darling in the FranXX,,64
110426,9,Darling in the FranXX,,64
168772,8,Darling in the FranXX,,64
182943,7,Darling in the FranXX,,64
108373,6,Darling in the FranXX,,64
56012,5,Darling in the FranXX,,64
35872,4,Darling in the FranXX,,64
17558,3,Darling in the FranXX,,64
10180,2,Darling in the FranXX,,64
10573,1,Darling in the FranXX,,64
63482,10,One Punch Man 2nd Season,,65
103203,9,One Punch Man 2nd Season,,65
201171,8,One Punch Man 2nd Season,,65
217545,7,One Punch Man 2nd Season,,65
97672,6,One Punch Man 2nd Season,,65
36425,5,One Punch Man 2nd Season,,65
17098,4,One Punch Man 2nd Season,,65
5644,3,One Punch Man 2nd Season,,65
2197,2,One Punch Man 2nd Season,,65
2055,1,One Punch Man 2nd Season,,65
73133,10,Highschool of the Dead,,66
96341,9,Highschool of the Dead,,66
174788,8,Highschool of the Dead,,66
215343,7,Highschool of the Dead,,66
127052,6,Highschool of the Dead,,66
65079,5,Highschool of the Dead,,66
33848,4,Highschool of the Dead,,66
16424,3,Highschool of the Dead,,66
9836,2,Highschool of the Dead,,66
6659,1,Highschool of the Dead,,66
128323,10,Fate/Zero,,67
213509,9,Fate/Zero,,67
226691,8,Fate/Zero,,67
110786,7,Fate/Zero,,67
33478,6,Fate/Zero,,67
12532,5,Fate/Zero,,67
4628,4,Fate/Zero,,67
1659,3,Fate/Zero,,67
881,2,Fate/Zero,,67
1566,1,Fate/Zero,,67
68400,10,Hataraku Maou-sama!,,68
148110,9,Hataraku Maou-sama!,,68
272336,8,Hataraku Maou-sama!,,68
203235,7,Hataraku Maou-sama!,,68
65364,6,Hataraku Maou-sama!,,68
23252,5,Hataraku Maou-sama!,,68
6579,4,Hataraku Maou-sama!,,68
2095,3,Hataraku Maou-sama!,,68
894,2,Hataraku Maou-sama!,,68
843,1,Hataraku Maou-sama!,,68
75030,10,Dungeon ni Deai wo Motomeru no wa Machigatteiru Darou ka,,69
126121,9,Dungeon ni Deai wo Motomeru no wa Machigatteiru Darou ka,,69
236875,8,Dungeon ni Deai wo Motomeru no wa Machigatteiru Darou ka,,69
214373,7,Dungeon ni Deai wo Motomeru no wa Machigatteiru Darou ka,,69
85685,6,Dungeon ni Deai wo Motomeru no wa Machigatteiru Darou ka,,69
36565,5,Dungeon ni Deai wo Motomeru no wa Machigatteiru Darou ka,,69
14426,4,Dungeon ni Deai wo Motomeru no wa Machigatteiru Darou ka,,69
6529,3,Dungeon ni Deai wo Motomeru no wa Machigatteiru Darou ka,,69
3189,2,Dungeon ni Deai wo Motomeru no wa Machigatteiru Darou ka,,69
2130,1,Dungeon ni Deai wo Motomeru no wa Machigatteiru Darou ka,,69
117609,10,JoJo no Kimyou na Bouken (TV),,70
165181,9,JoJo no Kimyou na Bouken (TV),,70
246980,8,JoJo no Kimyou na Bouken (TV),,70
177350,7,JoJo no Kimyou na Bouken (TV),,70
64688,6,JoJo no Kimyou na Bouken (TV),,70
24134,5,JoJo no Kimyou na Bouken (TV),,70
9878,4,JoJo no Kimyou na Bouken (TV),,70
3974,3,JoJo no Kimyou na Bouken (TV),,70
2296,2,JoJo no Kimyou na Bouken (TV),,70
3486,1,JoJo no Kimyou na Bouken (TV),,70
130127,10,Kaguya-sama wa Kokurasetai: Tensai-tachi no Renai Zunousen,,71
250903,9,Kaguya-sama wa Kokurasetai: Tensai-tachi no Renai Zunousen,,71
268273,8,Kaguya-sama wa Kokurasetai: Tensai-tachi no Renai Zunousen,,71
103568,7,Kaguya-sama wa Kokurasetai: Tensai-tachi no Renai Zunousen,,71
25604,6,Kaguya-sama wa Kokurasetai: Tensai-tachi no Renai Zunousen,,71
9222,5,Kaguya-sama wa Kokurasetai: Tensai-tachi no Renai Zunousen,,71
3372,4,Kaguya-sama wa Kokurasetai: Tensai-tachi no Renai Zunousen,,71
1276,3,Kaguya-sama wa Kokurasetai: Tensai-tachi no Renai Zunousen,,71
773,2,Kaguya-sama wa Kokurasetai: Tensai-tachi no Renai Zunousen,,71
1664,1,Kaguya-sama wa Kokurasetai: Tensai-tachi no Renai Zunousen,,71
97381,10,Overlord,,72
154294,9,Overlord,,72
244729,8,Overlord,,72
161009,7,Overlord,,72
55314,6,Overlord,,72
22595,5,Overlord,,72
9656,4,Overlord,,72
4048,3,Overlord,,72
1880,2,Overlord,,72
1638,1,Overlord,,72
134652,10,Clannad,,73
146608,9,Clannad,,73
172856,8,Clannad,,73
118970,7,Clannad,,73
52701,6,Clannad,,73
26600,5,Clannad,,73
12458,4,Clannad,,73
5388,3,Clannad,,73
3121,2,Clannad,,73
3376,1,Clannad,,73
89949,10,Durarara!!,,74
151127,9,Durarara!!,,74
185362,8,Durarara!!,,74
109499,7,Durarara!!,,74
39502,6,Durarara!!,,74
17320,5,Durarara!!,,74
6090,4,Durarara!!,,74
2003,3,Durarara!!,,74
1003,2,Durarara!!,,74
1116,1,Durarara!!,,74
109514,10,Noragami Aragoto,,75
199720,9,Noragami Aragoto,,75
260124,8,Noragami Aragoto,,75
136203,7,Noragami Aragoto,,75
39600,6,Noragami Aragoto,,75
13502,5,Noragami Aragoto,,75
3673,4,Noragami Aragoto,,75
1098,3,Noragami Aragoto,,75
524,2,Noragami Aragoto,,75
587,1,Noragami Aragoto,,75
133090,10,Kono Subarashii Sekai ni Shukufuku wo! 2,,77
232667,9,Kono Subarashii Sekai ni Shukufuku wo! 2,,77
273229,8,Kono Subarashii Sekai ni Shukufuku wo! 2,,77
123390,7,Kono Subarashii Sekai ni Shukufuku wo! 2,,77
34419,6,Kono Subarashii Sekai ni Shukufuku wo! 2,,77
11764,5,Kono Subarashii Sekai ni Shukufuku wo! 2,,77
4066,4,Kono Subarashii Sekai ni Shukufuku wo! 2,,77
1488,3,Kono Subarashii Sekai ni Shukufuku wo! 2,,77
884,2,Kono Subarashii Sekai ni Shukufuku wo! 2,,77
1098,1,Kono Subarashii Sekai ni Shukufuku wo! 2,,77
130555,10,Bakemonogatari,,76
188505,9,Bakemonogatari,,76
181347,8,Bakemonogatari,,76
86570,7,Bakemonogatari,,76
30663,6,Bakemonogatari,,76
13922,5,Bakemonogatari,,76
6529,4,Bakemonogatari,,76
2984,3,Bakemonogatari,,76
1730,2,Bakemonogatari,,76
2438,1,Bakemonogatari,,76
96706,10,Black Clover,,78
113786,9,Black Clover,,78
155162,8,Black Clover,,78
115017,7,Black Clover,,78
47894,6,Black Clover,,78
26018,5,Black Clover,,78
15169,4,Black Clover,,78
7864,3,Black Clover,,78
4720,2,Black Clover,,78
5573,1,Black Clover,,78
105951,10,High School DxD,,79
94171,9,High School DxD,,79
170500,8,High School DxD,,79
190460,7,High School DxD,,79
98554,6,High School DxD,,79
50453,5,High School DxD,,79
25052,4,High School DxD,,79
12949,3,High School DxD,,79
7853,2,High School DxD,,79
7893,1,High School DxD,,79
115123,10,Tate no Yuusha no Nariagari,,80
174131,9,Tate no Yuusha no Nariagari,,80
225938,8,Tate no Yuusha no Nariagari,,80
133782,7,Tate no Yuusha no Nariagari,,80
48758,6,Tate no Yuusha no Nariagari,,80
21469,5,Tate no Yuusha no Nariagari,,80
10662,4,Tate no Yuusha no Nariagari,,80
4989,3,Tate no Yuusha no Nariagari,,80
2510,2,Tate no Yuusha no Nariagari,,80
2680,1,Tate no Yuusha no Nariagari,,80
92985,10,Yahari Ore no Seishun Love Comedy wa Machigatteiru.,,81
158669,9,Yahari Ore no Seishun Love Comedy wa Machigatteiru.,,81
244456,8,Yahari Ore no Seishun Love Comedy wa Machigatteiru.,,81
143728,7,Yahari Ore no Seishun Love Comedy wa Machigatteiru.,,81
43088,6,Yahari Ore no Seishun Love Comedy wa Machigatteiru.,,81
15322,5,Yahari Ore no Seishun Love Comedy wa Machigatteiru.,,81
5354,4,Yahari Ore no Seishun Love Comedy wa Machigatteiru.,,81
2024,3,Yahari Ore no Seishun Love Comedy wa Machigatteiru.,,81
933,2,Yahari Ore no Seishun Love Comedy wa Machigatteiru.,,81
1180,1,Yahari Ore no Seishun Love Comedy wa Machigatteiru.,,81
52543,10,Kakegurui,8742,82
87994,9,Kakegurui,8742,82
187321,8,Kakegurui,8742,82
203442,7,Kakegurui,8742,82
97020,6,Kakegurui,8742,82
43532,5,Kakegurui,8742,82
20882,4,Kakegurui,8742,82
9079,3,Kakegurui,8742,82
5142,2,Kakegurui,8742,82
4408,1,Kakegurui,8742,82
67761,10,Chuunibyou demo Koi ga Shitai!,,83
115535,9,Chuunibyou demo Koi ga Shitai!,,83
209726,8,Chuunibyou demo Koi ga Shitai!,,83
169812,7,Chuunibyou demo Koi ga Shitai!,,83
62604,6,Chuunibyou demo Koi ga Shitai!,,83
24609,5,Chuunibyou demo Koi ga Shitai!,,83
8589,4,Chuunibyou demo Koi ga Shitai!,,83
3180,3,Chuunibyou demo Koi ga Shitai!,,83
1552,2,Chuunibyou demo Koi ga Shitai!,,83
1456,1,Chuunibyou demo Koi ga Shitai!,,83
190855,10,Haikyuu!! Second Season,,84
254484,9,Haikyuu!! Second Season,,84
212977,8,Haikyuu!! Second Season,,84
75211,7,Haikyuu!! Second Season,,84
16497,6,Haikyuu!! Second Season,,84
5202,5,Haikyuu!! Second Season,,84
1309,4,Haikyuu!! Second Season,,84
495,3,Haikyuu!! Second Season,,84
284,2,Haikyuu!! Second Season,,84
1198,1,Haikyuu!! Second Season,,84
163108,10,Ansatsu Kyoushitsu 2nd Season,,85
217540,9,Ansatsu Kyoushitsu 2nd Season,,85
199581,8,Ansatsu Kyoushitsu 2nd Season,,85
88009,7,Ansatsu Kyoushitsu 2nd Season,,85
25278,6,Ansatsu Kyoushitsu 2nd Season,,85
8886,5,Ansatsu Kyoushitsu 2nd Season,,85
2946,4,Ansatsu Kyoushitsu 2nd Season,,85
1039,3,Ansatsu Kyoushitsu 2nd Season,,85
532,2,Ansatsu Kyoushitsu 2nd Season,,85
899,1,Ansatsu Kyoushitsu 2nd Season,,85
75433,10,Hyouka,,86
131065,9,Hyouka,,86
168855,8,Hyouka,,86
97693,7,Hyouka,,86
35780,6,Hyouka,,86
15493,5,Hyouka,,86
5592,4,Hyouka,,86
1856,3,Hyouka,,86
1019,2,Hyouka,,86
1042,1,Hyouka,,86
194946,10,Mob Psycho 100 II,,87
262472,9,Mob Psycho 100 II,,87
167828,8,Mob Psycho 100 II,,87
52748,7,Mob Psycho 100 II,,87
11515,6,Mob Psycho 100 II,,87
3270,5,Mob Psycho 100 II,,87
961,4,Mob Psycho 100 II,,87
353,3,Mob Psycho 100 II,,87
215,2,Mob Psycho 100 II,,87
1180,1,Mob Psycho 100 II,,87
153450,10,Mahou Shoujo Madoka★Magica,,88
175904,9,Mahou Shoujo Madoka★Magica,,88
166916,8,Mahou Shoujo Madoka★Magica,,88
87499,7,Mahou Shoujo Madoka★Magica,,88
33368,6,Mahou Shoujo Madoka★Magica,,88
14769,5,Mahou Shoujo Madoka★Magica,,88
6732,4,Mahou Shoujo Madoka★Magica,,88
2862,3,Mahou Shoujo Madoka★Magica,,88
1685,2,Mahou Shoujo Madoka★Magica,,88
2310,1,Mahou Shoujo Madoka★Magica,,88
58689,10,Owari no Seraph,,89
85073,9,Owari no Seraph,,89
163091,8,Owari no Seraph,,89
166606,7,Owari no Seraph,,89
71168,6,Owari no Seraph,,89
30775,5,Owari no Seraph,,89
12613,4,Owari no Seraph,,89
5257,3,Owari no Seraph,,89
2335,2,Owari no Seraph,,89
1701,1,Owari no Seraph,,89
40709,10,Deadman Wonderland,,90
74748,9,Deadman Wonderland,,90
147909,8,Deadman Wonderland,,90
175081,7,Deadman Wonderland,,90
93015,6,Deadman Wonderland,,90
41496,5,Deadman Wonderland,,90
20073,4,Deadman Wonderland,,90
8230,3,Deadman Wonderland,,90
3929,2,Deadman Wonderland,,90
2377,1,Deadman Wonderland,,90
104167,10,Sakura-sou no Pet na Kanojo,,91
151369,9,Sakura-sou no Pet na Kanojo,,91
181668,8,Sakura-sou no Pet na Kanojo,,91
110326,7,Sakura-sou no Pet na Kanojo,,91
40463,6,Sakura-sou no Pet na Kanojo,,91
17144,5,Sakura-sou no Pet na Kanojo,,91
6591,4,Sakura-sou no Pet na Kanojo,,91
2564,3,Sakura-sou no Pet na Kanojo,,91
1206,2,Sakura-sou no Pet na Kanojo,,91
1302,1,Sakura-sou no Pet na Kanojo,,91
70637,10,Guilty Crown,,92
88775,9,Guilty Crown,,92
135575,8,Guilty Crown,,92
131162,7,Guilty Crown,,92
69333,6,Guilty Crown,,92
35304,5,Guilty Crown,,92
21251,4,Guilty Crown,,92
9626,3,Guilty Crown,,92
5001,2,Guilty Crown,,92
4012,1,Guilty Crown,,92
108084,10,Kaichou wa Maid-sama!,,93
134361,9,Kaichou wa Maid-sama!,,93
178205,8,Kaichou wa Maid-sama!,,93
124189,7,Kaichou wa Maid-sama!,,93
47222,6,Kaichou wa Maid-sama!,,93
20586,5,Kaichou wa Maid-sama!,,93
7269,4,Kaichou wa Maid-sama!,,93
2842,3,Kaichou wa Maid-sama!,,93
1475,2,Kaichou wa Maid-sama!,,93
1384,1,Kaichou wa Maid-sama!,,93
152359,10,Made in Abyss,,94
195812,9,Made in Abyss,,94
135520,8,Made in Abyss,,94
51741,7,Made in Abyss,,94
15461,6,Made in Abyss,,94
6130,5,Made in Abyss,,94
2590,4,Made in Abyss,,94
1170,3,Made in Abyss,,94
655,2,Made in Abyss,,94
1181,1,Made in Abyss,,94
230451,10,Howl no Ugoku Shiro,,95
204092,9,Howl no Ugoku Shiro,,95
170106,8,Howl no Ugoku Shiro,,95
78026,7,Howl no Ugoku Shiro,,95
23252,6,Howl no Ugoku Shiro,,95
8012,5,Howl no Ugoku Shiro,,95
2848,4,Howl no Ugoku Shiro,,95
933,3,Howl no Ugoku Shiro,,95
459,2,Howl no Ugoku Shiro,,95
781,1,Howl no Ugoku Shiro,,95
119785,10,Samurai Champloo,30823,96
168457,9,Samurai Champloo,30823,96
152148,8,Samurai Champloo,30823,96
71319,7,Samurai Champloo,30823,96
20264,6,Samurai Champloo,30823,96
7388,5,Samurai Champloo,30823,96
2249,4,Samurai Champloo,30823,96
933,3,Samurai Champloo,30823,96
425,2,Samurai Champloo,30823,96
1005,1,Samurai Champloo,30823,96
166279,10,Dragon Ball Z,30704,97
148537,9,Dragon Ball Z,30704,97
187816,8,Dragon Ball Z,30704,97
137092,7,Dragon Ball Z,30704,97
51222,6,Dragon Ball Z,30704,97
21165,5,Dragon Ball Z,30704,97
6574,4,Dragon Ball Z,30704,97
2462,3,Dragon Ball Z,30704,97
1320,2,Dragon Ball Z,30704,97
2072,1,Dragon Ball Z,30704,97
95824,10,Tensei shitara Slime Datta Ken,,98
152706,9,Tensei shitara Slime Datta Ken,,98
210333,8,Tensei shitara Slime Datta Ken,,98
115873,7,Tensei shitara Slime Datta Ken,,98
35769,6,Tensei shitara Slime Datta Ken,,98
14150,5,Tensei shitara Slime Datta Ken,,98
5393,4,Tensei shitara Slime Datta Ken,,98
2147,3,Tensei shitara Slime Datta Ken,,98
938,2,Tensei shitara Slime Datta Ken,,98
1400,1,Tensei shitara Slime Datta Ken,,98
268998,10,Clannad: After Story,,99
146698,9,Clannad: After Story,,99
89648,8,Clannad: After Story,,99
42579,7,Clannad: After Story,,99
17322,6,Clannad: After Story,,99
8374,5,Clannad: After Story,,99
4302,4,Clannad: After Story,,99
1941,3,Clannad: After Story,,99
1450,2,Clannad: After Story,,99
2873,1,Clannad: After Story,,99
58837,10,Bungou Stray Dogs,,100
90297,9,Bungou Stray Dogs,,100
172690,8,Bungou Stray Dogs,,100
135797,7,Bungou Stray Dogs,,100
42559,6,Bungou Stray Dogs,,100
16193,5,Bungou Stray Dogs,,100
5260,4,Bungou Stray Dogs,,100
1832,3,Bungou Stray Dogs,,100
730,2,Bungou Stray Dogs,,100
652,1,Bungou Stray Dogs,,100
